{"total": {"lines":{"total":133,"covered":0,"skipped":0,"pct":0},"statements":{"total":133,"covered":0,"skipped":0,"pct":0},"functions":{"total":9,"covered":0,"skipped":0,"pct":0},"branches":{"total":9,"covered":0,"skipped":0,"pct":0},"branchesTrue":{"total":0,"covered":0,"skipped":0,"pct":100}}
,"/Users/mattriley/Home/Code/charliemoukbel/web-backend/src/compose.js": {"lines":{"total":24,"covered":0,"skipped":0,"pct":0},"functions":{"total":1,"covered":0,"skipped":0,"pct":0},"statements":{"total":24,"covered":0,"skipped":0,"pct":0},"branches":{"total":1,"covered":0,"skipped":0,"pct":0}}
,"/Users/mattriley/Home/Code/charliemoukbel/web-backend/src/default-config.js": {"lines":{"total":9,"covered":0,"skipped":0,"pct":0},"functions":{"total":1,"covered":0,"skipped":0,"pct":0},"statements":{"total":9,"covered":0,"skipped":0,"pct":0},"branches":{"total":1,"covered":0,"skipped":0,"pct":0}}
,"/Users/mattriley/Home/Code/charliemoukbel/web-backend/src/lambda.js": {"lines":{"total":8,"covered":0,"skipped":0,"pct":0},"functions":{"total":1,"covered":0,"skipped":0,"pct":0},"statements":{"total":8,"covered":0,"skipped":0,"pct":0},"branches":{"total":1,"covered":0,"skipped":0,"pct":0}}
,"/Users/mattriley/Home/Code/charliemoukbel/web-backend/src/modules/index.js": {"lines":{"total":3,"covered":0,"skipped":0,"pct":0},"functions":{"total":1,"covered":0,"skipped":0,"pct":0},"statements":{"total":3,"covered":0,"skipped":0,"pct":0},"branches":{"total":1,"covered":0,"skipped":0,"pct":0}}
,"/Users/mattriley/Home/Code/charliemoukbel/web-backend/src/modules/contact-me/index.js": {"lines":{"total":6,"covered":0,"skipped":0,"pct":0},"functions":{"total":1,"covered":0,"skipped":0,"pct":0},"statements":{"total":6,"covered":0,"skipped":0,"pct":0},"branches":{"total":1,"covered":0,"skipped":0,"pct":0}}
,"/Users/mattriley/Home/Code/charliemoukbel/web-backend/src/modules/contact-me/lambda.js": {"lines":{"total":24,"covered":0,"skipped":0,"pct":0},"functions":{"total":1,"covered":0,"skipped":0,"pct":0},"statements":{"total":24,"covered":0,"skipped":0,"pct":0},"branches":{"total":1,"covered":0,"skipped":0,"pct":0}}
,"/Users/mattriley/Home/Code/charliemoukbel/web-backend/src/modules/contact-me/save-message.js": {"lines":{"total":14,"covered":0,"skipped":0,"pct":0},"functions":{"total":1,"covered":0,"skipped":0,"pct":0},"statements":{"total":14,"covered":0,"skipped":0,"pct":0},"branches":{"total":1,"covered":0,"skipped":0,"pct":0}}
,"/Users/mattriley/Home/Code/charliemoukbel/web-backend/src/modules/contact-me/send-email.js": {"lines":{"total":35,"covered":0,"skipped":0,"pct":0},"functions":{"total":1,"covered":0,"skipped":0,"pct":0},"statements":{"total":35,"covered":0,"skipped":0,"pct":0},"branches":{"total":1,"covered":0,"skipped":0,"pct":0}}
,"/Users/mattriley/Home/Code/charliemoukbel/web-backend/src/modules/contact-me/verify-captcha.js": {"lines":{"total":10,"covered":0,"skipped":0,"pct":0},"functions":{"total":1,"covered":0,"skipped":0,"pct":0},"statements":{"total":10,"covered":0,"skipped":0,"pct":0},"branches":{"total":1,"covered":0,"skipped":0,"pct":0}}
}
