{
    "root": true,
    "env": {
        "browser": true,
        "commonjs": true,
        "es2021": true
    },
    "extends": [
        "eslint:recommended",
        "plugin:import/recommended"
    ],
    "settings": {
        "react": {
            "version": "detect"
        }
    },
    "parserOptions": {
        "ecmaVersion": "latest",
        "ecmaFeatures": {
            "jsx": true
        },
        "allowImportExportEverywhere": true
    },
    "rules": {
        "indent": [
            "error",
            4
        ],
        "linebreak-style": [
            "error",
            "unix"
        ],
        "quotes": [
            "error",
            "single"
        ],
        "semi": [
            "error",
            "always"
        ],
        "arrow-parens": [
            "error",
            "as-needed"
        ],
        "sort-vars": [
            "off"
        ],
        "react/display-name": [
            "off"
        ],
        "react/prop-types": [
            "off"
        ]
    }
}
